,Candidates,RegNum,Party Number,District Number,Mandates,Total Votes,Quota,Rank
0,ANDRES HERKEL,101,1,1,10,222.0,5619.1,3
1,ÕIE-MARI AASMÄE,102,1,1,10,43.0,5619.1,22
2,JÜRI PINO,106,1,1,10,36.0,5619.1,39
3,JAAK PROZES,103,1,1,10,35.0,5619.1,33
4,AGE MINKA,112,1,1,10,27.0,5619.1,99
5,JAANIKA KLOPETS,104,1,1,10,23.0,5619.1,41
6,TÕNU TEEVEER,111,1,1,10,19.0,5619.1,34
7,MARIKE LAHT,109,1,1,10,18.0,5619.1,77
8,JAANUS OJANGU,105,1,1,10,15.0,5619.1,9
9,SANDER KLAUSEN,110,1,1,10,12.0,5619.1,89
10,JAANUS PAASOJA,107,1,1,10,9.0,5619.1,53
11,PEETER LIINSOO,108,1,1,10,5.0,5619.1,65
12,KRISTEN MICHAL,226,2,1,10,6347.0,5619.1,6
13,HEIDY PURGA,227,2,1,10,4763.0,5619.1,35
14,ARTO AAS,228,2,1,10,2339.0,5619.1,9
15,SIGNE RIISALO,229,2,1,10,837.0,5619.1,65
16,ANTS LEEMETS,230,2,1,10,477.0,5619.1,45
17,MERIKE LANG,231,2,1,10,321.0,5619.1,50
18,LIIS KLAAR,232,2,1,10,307.0,5619.1,53
19,LEMBIT KOLK,236,2,1,10,274.0,5619.1,86
20,KRISTO ENN VAGA,237,2,1,10,248.0,5619.1,62
21,KATRIN HELENDI,235,2,1,10,181.0,5619.1,114
22,ANDRES ARO,233,2,1,10,104.0,5619.1,82
23,GEROL SILKIN,234,2,1,10,101.0,5619.1,93
24,ZÜLEYXA IZMAILOVA,351,3,1,10,923.0,5619.1,1
25,MATTIAS TUROVSKI,352,3,1,10,441.0,5619.1,9
26,KADRI SIKK,362,3,1,10,131.0,5619.1,72
27,ANNE VETIK,357,3,1,10,71.0,5619.1,46
28,FIDEELIA-SIGNE ROOTS,353,3,1,10,64.0,5619.1,32
29,KRISTINA SADOHHINA,359,3,1,10,35.0,5619.1,92
30,EERO UUSTALU,360,3,1,10,30.0,5619.1,50
31,HANNES LIITMÄE,356,3,1,10,30.0,5619.1,58
32,MIHKEL TIGANIK,361,3,1,10,28.0,5619.1,29
33,TARMO ANDRE ELVISTO,354,3,1,10,26.0,5619.1,22
34,MAIGI KÄIGE,355,3,1,10,22.0,5619.1,59
35,MARTTI PREEM,358,3,1,10,11.0,5619.1,82
36,SVEN MIKSER,476,4,1,10,1693.0,5619.1,116
37,RIINA SIKKUT,477,4,1,10,1610.0,5619.1,4
38,JAAK JUSKE,478,4,1,10,672.0,5619.1,23
39,ANDRUS VAARIK,487,4,1,10,495.0,5619.1,102
40,MARIANNE MIKKO,479,4,1,10,419.0,5619.1,12
41,ROY STRIDER,486,4,1,10,222.0,5619.1,93
42,SIIM TUISK,481,4,1,10,192.0,5619.1,35
43,MARIS SILD,482,4,1,10,101.0,5619.1,59
44,ERIKA SCHOLLER,480,4,1,10,98.0,5619.1,47
45,JOOSEP VIMM,483,4,1,10,81.0,5619.1,71
46,JEVGENI VAISBEIN,485,4,1,10,53.0,5619.1,83
47,GERTRUD KASEMAA,484,4,1,10,47.0,5619.1,106
48,MIHKEL KANGUR,601,5,1,10,423.0,5619.1,1
49,RIINU LEPA,606,5,1,10,43.0,5619.1,59
50,RIINA SOONE,605,5,1,10,42.0,5619.1,58
51,ALLAN KOKKOTA,602,5,1,10,33.0,5619.1,17
52,ALLAN PROOSO,603,5,1,10,32.0,5619.1,18
53,SIIRI TIIVITS-PUTTONEN,607,5,1,10,27.0,5619.1,60
54,ÜLO MÄNGEL,608,5,1,10,25.0,5619.1,73
55,KERTU NAMSING,604,5,1,10,14.0,5619.1,39
56,URMAS REITELMANN,675,6,1,10,2585.0,5619.1,22
57,URMAS ESPENBERG,674,6,1,10,1974.0,5619.1,18
58,ARGO LUUDE,676,6,1,10,353.0,5619.1,42
59,ÕNNELI MATT,680,6,1,10,314.0,5619.1,83
60,TOIVO TASA,678,6,1,10,305.0,5619.1,63
61,GEORG KIRSBERG,685,6,1,10,199.0,5619.1,119
62,EDA RÜÜTEL,682,6,1,10,146.0,5619.1,98
63,ANTS MILLER,679,6,1,10,122.0,5619.1,73
64,KARL OLAF RÄÄK,677,6,1,10,106.0,5619.1,50
65,KÜLLI REMSU,683,6,1,10,103.0,5619.1,106
66,RIHO RAUSMA,681,6,1,10,101.0,5619.1,91
67,URMAS SIEMER,684,6,1,10,53.0,5619.1,113
68,LIINA NORMET,799,7,1,10,1048.0,5619.1,7
69,MAREK REINAAS,800,7,1,10,537.0,5619.1,14
70,PIRKO KONSA,802,7,1,10,161.0,5619.1,27
71,MARGOT ROOSE,806,7,1,10,152.0,5619.1,68
72,TIIA SIHVER,801,7,1,10,144.0,5619.1,5
73,KARIN KAUP-LAPÕNIN,803,7,1,10,120.0,5619.1,52
74,VALERI IVANOV,808,7,1,10,113.0,5619.1,85
75,IVAR SOONE,807,7,1,10,104.0,5619.1,84
76,AHTI KALLASTE,810,7,1,10,95.0,5619.1,108
77,MARIANNA KAAT,804,7,1,10,73.0,5619.1,62
78,HENRY SINIVEE,805,7,1,10,66.0,5619.1,66
79,MAARIKA NEILINN,809,7,1,10,22.0,5619.1,99
80,RAIMOND KALJULAID,924,8,1,10,7303.0,5619.1,33
81,VADIM BELOBROVTSEV,927,8,1,10,1969.0,5619.1,57
82,MAREK JÜRGENSON,935,8,1,10,1813.0,5619.1,56
83,VIKTOR VASSILJEV,925,8,1,10,1708.0,5619.1,39
84,ANDREI NOVIKOV,930,8,1,10,1144.0,5619.1,54
85,ANDREI KOROBEINIK,926,8,1,10,1133.0,5619.1,20
86,NATALIA MALLEUS,928,8,1,10,584.0,5619.1,18
87,JAANUS RIIBE,932,8,1,10,336.0,5619.1,107
88,KALEV KALLO,929,8,1,10,289.0,5619.1,13
89,EHA VÕRK,931,8,1,10,273.0,5619.1,47
90,JÜRI ENNET,933,8,1,10,248.0,5619.1,117
91,JOSEF KATS,934,8,1,10,150.0,5619.1,122
92,OLEG TESLA,1049,9,1,10,70.0,5619.1,4
93,TARMO KRUUSIMÄE,1060,10,1,10,1811.0,5619.1,18
94,MART LUIK,1061,10,1,10,829.0,5619.1,16
95,HELEN HÄÄL,1062,10,1,10,459.0,5619.1,17
96,PRIIDU PÄRNA,1063,10,1,10,451.0,5619.1,28
97,TIIT MEREN,1066,10,1,10,292.0,5619.1,75
98,PILLE LILL,1067,10,1,10,261.0,5619.1,86
99,VOOTELE HANSEN,1070,10,1,10,227.0,5619.1,112
100,AVO ÜPRUS,1064,10,1,10,224.0,5619.1,54
101,PEETER VÕSU,1069,10,1,10,138.0,5619.1,106
102,IMRE RAMMUL,1068,10,1,10,122.0,5619.1,97
103,KARL SANDER KASE,1065,10,1,10,99.0,5619.1,23
104,JAKO KULL,1071,10,1,10,37.0,5619.1,115
105,MARGUS SAAR,1191,11,1,10,216.0,5619.1,0
106,HANNES VESKIMÄE,1190,11,1,10,112.0,5619.1,0
107,NEEME KUNINGAS,113,1,2,13,202.0,5381.85,4
108,KAJA JAKOBSON,114,1,2,13,77.0,5381.85,25
109,TAAVI SIMSON,116,1,2,13,29.0,5381.85,54
110,SIIM TUUR,121,1,2,13,25.0,5381.85,100
111,ARVET LINDSTRÖM,117,1,2,13,21.0,5381.85,27
112,HARLY KIRSPUU,125,1,2,13,15.0,5381.85,121
113,MATI ROOSNURM,126,1,2,13,14.0,5381.85,123
114,MART MUTSO,127,1,2,13,13.0,5381.85,125
115,EVE VIIDALEPP,115,1,2,13,12.0,5381.85,42
116,EVE OSA,118,1,2,13,12.0,5381.85,66
117,ANDRES LINTS,119,1,2,13,9.0,5381.85,78
118,AVE LOSSMANN,120,1,2,13,7.0,5381.85,90
119,IIVI ZAJEDOVA,123,1,2,13,7.0,5381.85,115
120,ALDO VAINO,124,1,2,13,6.0,5381.85,119
121,ALAR TINNUS,122,1,2,13,2.0,5381.85,109
122,SIIM KALLAS,238,2,2,13,8733.0,5381.85,125
123,KEIT PENTUS-ROSIMANNUS,239,2,2,13,2482.0,5381.85,13
124,KRISTINA ŠMIGUN-VÄHI,241,2,2,13,2002.0,5381.85,3
125,ANDRES SUTT,240,2,2,13,1905.0,5381.85,11
126,IVI EENMAA,242,2,2,13,932.0,5381.85,32
127,TOOMAS KRUUSIMÄGI,244,2,2,13,566.0,5381.85,46
128,ÜLLE RAJASALU,243,2,2,13,561.0,5381.85,41
129,JUHAN KANGILASKI,247,2,2,13,310.0,5381.85,85
130,KAUPO NÕLVAK,246,2,2,13,304.0,5381.85,64
131,HELEN MAHMASTOL,245,2,2,13,154.0,5381.85,99
132,MARGIT ELVISTE,251,2,2,13,137.0,5381.85,92
133,TAAVI TOPPI,250,2,2,13,129.0,5381.85,115
134,TIIT SOORM,248,2,2,13,69.0,5381.85,90
135,RAINAR ENDEN,249,2,2,13,65.0,5381.85,103
136,MEELIS SOLL,252,2,2,13,51.0,5381.85,123
137,ALEKSANDER LAANE,363,3,2,13,383.0,5381.85,3
138,HEIKI VALNER,368,3,2,13,270.0,5381.85,17
139,REET HÄRMAT,367,3,2,13,183.0,5381.85,36
140,LAURA LISETE ROOSAAR,372,3,2,13,144.0,5381.85,51
141,HELINA TILK,365,3,2,13,139.0,5381.85,16
142,OLEV-ANDRES TINN,377,3,2,13,62.0,5381.85,10
143,OSKAR-ALEKSANDER LESMENT,374,3,2,13,54.0,5381.85,52
144,VOOTELE VAHER,376,3,2,13,52.0,5381.85,103
145,ALEKSANDER POTOTSKI,370,3,2,13,51.0,5381.85,83
146,ANNALIISA ASVEIT,373,3,2,13,45.0,5381.85,101
147,RENE KUULMANN,364,3,2,13,30.0,5381.85,13
148,ALLAN TALU,371,3,2,13,17.0,5381.85,93
149,ULVI KOOP,366,3,2,13,14.0,5381.85,18
150,MAKSIM ERIKSSON,375,3,2,13,14.0,5381.85,102
151,ÜLLE RINGMÄE,369,3,2,13,13.0,5381.85,30
152,JEVGENI OSSINOVSKI,488,4,2,13,2680.0,5381.85,1
153,MADLE LIPPUS,494,4,2,13,478.0,5381.85,36
154,TRIIN TOOMESAAR,493,4,2,13,476.0,5381.85,24
155,MONIKA HAUKANÕMM,489,4,2,13,456.0,5381.85,7
156,BARBI-JENNY PILVRE-STORGARD,490,4,2,13,371.0,5381.85,17
157,ANASTASSIA KOVALENKO,491,4,2,13,357.0,5381.85,9
158,ANDREI HVOSTOV,492,4,2,13,240.0,5381.85,48
159,KARL-MARTIN SINIJÄRV,495,4,2,13,203.0,5381.85,60
160,MAIMU BERG,501,4,2,13,162.0,5381.85,94
161,KRISTA KAMPUS,496,4,2,13,131.0,5381.85,72
162,JAAK ALLIK,502,4,2,13,124.0,5381.85,111
163,KRISTEL RANNAÄÄRE,497,4,2,13,111.0,5381.85,84
164,KIRILL KLAUS,498,4,2,13,49.0,5381.85,103
165,ALLAN KALJAKIN,500,4,2,13,32.0,5381.85,109
166,MIHHAIL BELJAJEV,499,4,2,13,26.0,5381.85,107
167,TOOMAS TRAPIDO,609,5,2,13,363.0,5381.85,12
168,HELEN ORAV-KOTTA,611,5,2,13,91.0,5381.85,28
169,PIRET RÄNI,615,5,2,13,79.0,5381.85,52
170,EVE RANDVERE,610,5,2,13,47.0,5381.85,26
171,MADIS MARK,614,5,2,13,30.0,5381.85,44
172,TEET RANDMA,617,5,2,13,26.0,5381.85,65
173,REET POOM,616,5,2,13,21.0,5381.85,54
174,JÜRI KÕUK ROOST,613,5,2,13,13.0,5381.85,33
175,JAANUS-JUHAN ILLEND,612,5,2,13,12.0,5381.85,31
176,LEO KUNNAS,686,6,2,13,4813.0,5381.85,7
177,ENDEL OJA,687,6,2,13,528.0,5381.85,28
178,MAIT TALU,688,6,2,13,279.0,5381.85,30
179,MARE LIIGER,696,6,2,13,275.0,5381.85,97
180,HASSO UUETOA,693,6,2,13,224.0,5381.85,76
181,URMAS SIMON,690,6,2,13,163.0,5381.85,53
182,KAIRET REMMAK-GRASSMANN,700,6,2,13,154.0,5381.85,33
183,RAUL ÖPIK,691,6,2,13,137.0,5381.85,61
184,VILJO TAMM,695,6,2,13,132.0,5381.85,92
185,KARINE SIIAK,692,6,2,13,110.0,5381.85,69
186,PIRET KOLLO,698,6,2,13,82.0,5381.85,108
187,KATRIN LINDE,699,6,2,13,77.0,5381.85,121
188,RIHO NÜÜD,689,6,2,13,49.0,5381.85,44
189,VEIKO HARTWIG VALGEPEA,694,6,2,13,49.0,5381.85,85
190,JUHAN KOBIN,697,6,2,13,38.0,5381.85,102
191,KRISTINA KALLAS,811,7,2,13,2306.0,5381.85,1
192,GRIGORE-KALEV STOICESCU,812,7,2,13,395.0,5381.85,10
193,MEELIS NIINEPUU,814,7,2,13,241.0,5381.85,3
194,MART SANDER,813,7,2,13,221.0,5381.85,25
195,TOOMAS UIBO,815,7,2,13,149.0,5381.85,8
196,ERIK VEST,825,7,2,13,106.0,5381.85,33
197,AARE LAPÕNIN,818,7,2,13,72.0,5381.85,34
198,PAVEL STARKOV,822,7,2,13,61.0,5381.85,53
199,ANNE KAHRU,821,7,2,13,45.0,5381.85,86
200,ALEKSEI JAŠIN,816,7,2,13,43.0,5381.85,31
201,AVE TALU,819,7,2,13,34.0,5381.85,82
202,JULIA RUSTAMOVA,817,7,2,13,31.0,5381.85,39
203,ALEKSANDR MAIOROV,824,7,2,13,22.0,5381.85,100
204,ÜLLE KASK,823,7,2,13,20.0,5381.85,90
205,PIRET KÜRBIS,820,7,2,13,15.0,5381.85,91
206,MIHHAIL KÕLVART,936,8,2,13,17150.0,5381.85,3
207,MAILIS REPS,937,8,2,13,2069.0,5381.85,4
208,MIHHAIL KORB,938,8,2,13,1114.0,5381.85,9
209,MARIA JUFEREVA-SKURATOVSKI,942,8,2,13,1011.0,5381.85,55
210,VLADIMIR SVET,945,8,2,13,980.0,5381.85,71
211,ERKI SAVISAAR,940,8,2,13,653.0,5381.85,15
212,TÕNIS MÖLDER,943,8,2,13,633.0,5381.85,62
213,KALLE KLANDORF,941,8,2,13,492.0,5381.85,25
214,SERGEI PTŠJOLKIN,949,8,2,13,460.0,5381.85,116
215,JÜRI KUUSKEMAA,946,8,2,13,423.0,5381.85,123
216,MÄRT SULTS,950,8,2,13,422.0,5381.85,41
217,IMRE SOOÄÄR,939,8,2,13,349.0,5381.85,21
218,TANEL KIIK,944,8,2,13,237.0,5381.85,10
219,IRINA EMBRICH,947,8,2,13,200.0,5381.85,90
220,PEETER MARDNA,948,8,2,13,142.0,5381.85,120
221,ANDREI ORPONEN,1050,9,2,13,113.0,5381.85,2
222,VIKTORIA LADÕNSKAJA-KUBITS,1073,10,2,13,1259.0,5381.85,3
223,SVEN SESTER,1072,10,2,13,1154.0,5381.85,4
224,RIINA SOLMAN,1074,10,2,13,906.0,5381.85,11
225,LAGLE PAREK,1077,10,2,13,595.0,5381.85,64
226,MADIS PÄTS,1075,10,2,13,283.0,5381.85,27
227,KALEV VAPPER,1076,10,2,13,271.0,5381.85,29
228,HELDUR-VALDEK SEEDER,1084,10,2,13,252.0,5381.85,118
229,JÜRI TREI,1078,10,2,13,141.0,5381.85,76
230,TOIVO JÜRGENSON,1079,10,2,13,121.0,5381.85,87
231,ILLIMAR LEPPIK VON WIRÉN,1082,10,2,13,106.0,5381.85,113
232,TIIT MATSULEVITŠ,1080,10,2,13,83.0,5381.85,31
233,JAAK AHELIK,1081,10,2,13,82.0,5381.85,107
234,INGO NORMET,1086,10,2,13,76.0,5381.85,122
235,LEA NILSON,1083,10,2,13,56.0,5381.85,116
236,TIIT NABER,1085,10,2,13,31.0,5381.85,120
237,HANDO TÕNUMAA,1192,11,2,13,191.0,5381.85,0
238,MAARIKA PÄHKLEMÄE,1193,11,2,13,75.0,5381.85,0
239,EGE HIRV,1196,11,2,13,39.0,5381.85,0
240,SERGEI SVJATUŠENKO,1185,11,2,13,24.0,5381.85,0
241,AIN LUTSEPP,128,1,3,8,427.0,6235.25,8
242,MERIKE VÄRIK,129,1,3,8,81.0,6235.25,21
243,EPP ALATALU,132,1,3,8,66.0,6235.25,13
244,TÕNU PLOOMPUU,130,1,3,8,44.0,6235.25,28
245,ALEKSANDR DORMIDONTOV,131,1,3,8,37.0,6235.25,43
246,KAJA VAJAK,134,1,3,8,17.0,6235.25,40
247,MARGUS RAHA,133,1,3,8,16.0,6235.25,55
248,ANNE HANSBERG,136,1,3,8,11.0,6235.25,24
249,TÕNU ARU,135,1,3,8,8.0,6235.25,67
250,VIKTORIA LUKATS,137,1,3,8,7.0,6235.25,79
251,URMAS PAET,253,2,3,8,8584.0,6235.25,5
252,MARIS LAURI,254,2,3,8,4331.0,6235.25,8
253,VILJA TOOMAST,255,2,3,8,953.0,6235.25,22
254,JOHANNES KERT,256,2,3,8,708.0,6235.25,24
255,EERO MERILIND,258,2,3,8,429.0,6235.25,78
256,ÕNNE PILLAK,257,2,3,8,379.0,6235.25,38
257,ART KUUM,262,2,3,8,344.0,6235.25,113
258,STEN LAANSOO,261,2,3,8,242.0,6235.25,80
259,TÕNU MEIJEL,259,2,3,8,140.0,6235.25,102
260,TOOMAS KÄRK,260,2,3,8,99.0,6235.25,118
261,KASPAR KURVE,378,3,3,8,438.0,6235.25,6
262,TÕNU TRUBETSKY,380,3,3,8,226.0,6235.25,40
263,KATRIN JÕGISAAR,379,3,3,8,193.0,6235.25,48
264,TIIU ROOSMA,387,3,3,8,149.0,6235.25,49
265,KARIN PÕLDOJA,384,3,3,8,74.0,6235.25,73
266,ERROL VARES,385,3,3,8,56.0,6235.25,84
267,AGU KIVIMÄGI,382,3,3,8,29.0,6235.25,35
268,URVE MADAR,381,3,3,8,28.0,6235.25,38
269,ANNE ARTUS,386,3,3,8,20.0,6235.25,94
270,ANDREI KIISLER,383,3,3,8,14.0,6235.25,61
271,HELVE SÄRGAVA,504,4,3,8,1466.0,6235.25,15
272,RAINER VAKRA,503,4,3,8,1440.0,6235.25,117
273,MART MERI,505,4,3,8,407.0,6235.25,25
274,SILVER MEIKAR,512,4,3,8,271.0,6235.25,95
275,KÜLLI URB,506,4,3,8,238.0,6235.25,49
276,OLGA SÕTNIK,509,4,3,8,227.0,6235.25,61
277,ANTO LIIVAT,508,4,3,8,224.0,6235.25,73
278,JAAK KANGILASKI,510,4,3,8,160.0,6235.25,85
279,MERLI REIDOLF,511,4,3,8,159.0,6235.25,104
280,OLEV REMSU,507,4,3,8,59.0,6235.25,37
281,LAURI TÕNSPOEG,618,5,3,8,313.0,6235.25,7
282,OTT KÖSTNER,621,5,3,8,87.0,6235.25,49
283,ANDRES VESPER,619,5,3,8,84.0,6235.25,19
284,JÜRI PETERSON,620,5,3,8,60.0,6235.25,34
285,MARTIN HELME,701,6,3,8,5967.0,6235.25,2
286,KADRI VILBA,702,6,3,8,367.0,6235.25,26
287,EVE PÄRNASTE,705,6,3,8,296.0,6235.25,54
288,MART KALLAS,704,6,3,8,102.0,6235.25,48
289,JÜRI BÖHM,709,6,3,8,72.0,6235.25,95
290,RAIVO PÕHJAKIVI,706,6,3,8,70.0,6235.25,64
291,WESSE ALLIK,703,6,3,8,57.0,6235.25,34
292,AIN PEDAJAS,710,6,3,8,52.0,6235.25,111
293,TÕNIS TÄHE,707,6,3,8,50.0,6235.25,70
294,ANDRE PERE,708,6,3,8,22.0,6235.25,79
295,LAURI HUSSAR,826,7,3,8,1300.0,6235.25,2
296,TIIT ELENURM,828,7,3,8,287.0,6235.25,12
297,ÜLO PIKKOV,827,7,3,8,216.0,6235.25,6
298,SIIRI LEHTMETS,829,7,3,8,94.0,6235.25,40
299,TIIT PAPP,830,7,3,8,92.0,6235.25,73
300,ANDRES INGERMAN,831,7,3,8,81.0,6235.25,65
301,KAROLIINA OONA RANNE,833,7,3,8,81.0,6235.25,116
302,EDUARD FINAGIN,835,7,3,8,63.0,6235.25,109
303,MAREK KARM,832,7,3,8,61.0,6235.25,77
304,HANNO PÜTTSEPP,834,7,3,8,40.0,6235.25,98
305,TAAVI AAS,951,8,3,8,3925.0,6235.25,125
306,LAURI LAATS,956,8,3,8,3251.0,6235.25,66
307,IGOR KRAVTŠENKO,953,8,3,8,1223.0,6235.25,46
308,KERSTIN-OUDEKKI LOONE,955,8,3,8,820.0,6235.25,42
309,TIIT TERIK,954,8,3,8,799.0,6235.25,22
310,EDUARD TOMAN,958,8,3,8,617.0,6235.25,84
311,HELLE KALDA,957,8,3,8,447.0,6235.25,53
312,MERIKE MARTINSON,960,8,3,8,363.0,6235.25,70
313,ANDRA VEIDEMANN,952,8,3,8,350.0,6235.25,50
314,GRETE ŠILLIS,959,8,3,8,150.0,6235.25,72
315,IGOR ROSENFELD,1051,9,3,8,37.0,6235.25,10
316,URMAS REINSALU,1087,10,3,8,2633.0,6235.25,6
317,MART NUTT,1088,10,3,8,1135.0,6235.25,20
318,ELLE KULL,1089,10,3,8,413.0,6235.25,37
319,TRIVIMI VELLISTE,1091,10,3,8,340.0,6235.25,55
320,ANDRES ÖPIK,1092,10,3,8,153.0,6235.25,65
321,URMAS MARDI,1093,10,3,8,109.0,6235.25,77
322,INDREK LUBERG,1096,10,3,8,108.0,6235.25,108
323,KRISTIAN TASKA,1090,10,3,8,97.0,6235.25,45
324,ANNE EENPALU,1095,10,3,8,67.0,6235.25,98
325,ANDRES ERGMA,1094,10,3,8,31.0,6235.25,88
326,KALJU MÄTIK,1197,11,3,8,62.0,6235.25,0
327,VEIKO TANI,1199,11,3,8,37.0,6235.25,0
328,JUKU-KALLE RAID,138,1,4,15,497.0,6048.6,12
329,TIIA VÄLK,140,1,4,15,122.0,6048.6,16
330,TIIU KUURME,144,1,4,15,114.0,6048.6,15
331,JAAK VACKERMANN,149,1,4,15,56.0,6048.6,101
332,MIHHAIL JALLAJAS,154,1,4,15,51.0,6048.6,124
333,RAIVO KOKSER,139,1,4,15,50.0,6048.6,18
334,KRISTO KRUMM,147,1,4,15,29.0,6048.6,31
335,VAHUR HERM,143,1,4,15,27.0,6048.6,56
336,REIN REBANE,150,1,4,15,23.0,6048.6,110
337,SIIRI KÄPA,142,1,4,15,21.0,6048.6,26
338,KAIE HERKEL,146,1,4,15,18.0,6048.6,80
339,ELDAR TOONVERK,145,1,4,15,14.0,6048.6,68
340,PEETER LUKAS,152,1,4,15,14.0,6048.6,120
341,SUIDO SAARMETS,141,1,4,15,13.0,6048.6,44
342,DEIN-TOM TÕNSING,153,1,4,15,12.0,6048.6,122
343,RIINA KURG,148,1,4,15,11.0,6048.6,91
344,AARE PERNIK,151,1,4,15,6.0,6048.6,116
345,KAJA KALLAS,263,2,4,15,20072.0,6048.6,1
346,MARKO MIHKELSON,264,2,4,15,3655.0,6048.6,20
347,AIVAR SÕERD,265,2,4,15,2476.0,6048.6,7
348,MADIS MILLING,269,2,4,15,2310.0,6048.6,34
349,KALLE PALLING,266,2,4,15,1655.0,6048.6,21
350,MART VÕRKLAEV,268,2,4,15,1025.0,6048.6,47
351,TIMO SUSLOV,270,2,4,15,781.0,6048.6,71
352,VLADAS RADVILAVIČIUS,277,2,4,15,569.0,6048.6,66
353,ANDRUS UMBOJA,271,2,4,15,562.0,6048.6,63
354,TIIT VAHENÕMM,272,2,4,15,270.0,6048.6,111
355,KADRI KURM,276,2,4,15,262.0,6048.6,101
356,LAINE RANDJÄRV,267,2,4,15,245.0,6048.6,23
357,OTT KASURI,279,2,4,15,213.0,6048.6,61
358,JAAN ALVER,274,2,4,15,176.0,6048.6,76
359,TIINA RÜHKA,273,2,4,15,174.0,6048.6,120
360,MARKO RAUDLAM,278,2,4,15,101.0,6048.6,116
361,LIANA NÕGENE,275,2,4,15,25.0,6048.6,121
362,ANU NATALY SAAGIM-RATIA,389,3,4,15,608.0,6048.6,8
363,JAKKO VÄLI,388,3,4,15,236.0,6048.6,4
364,JOONAS LAKS,390,3,4,15,232.0,6048.6,11
365,LAURA KIIROJA,404,3,4,15,207.0,6048.6,44
366,KATRIN LEHTVEER,395,3,4,15,89.0,6048.6,85
367,TIIU-ANN KALDMA,391,3,4,15,56.0,6048.6,23
368,MAI MIKK,400,3,4,15,48.0,6048.6,106
369,HANNES METS,399,3,4,15,40.0,6048.6,105
370,ANDRES MEESAK,401,3,4,15,36.0,6048.6,124
371,ANDREI GUDIM,392,3,4,15,29.0,6048.6,57
372,ANNE VAHEMÄE,393,3,4,15,29.0,6048.6,60
373,PAVEL KRÕLATOV,396,3,4,15,20.0,6048.6,95
374,GERT HÄUSLER,394,3,4,15,15.0,6048.6,100
375,AUL PEDAJAS,403,3,4,15,13.0,6048.6,37
376,CHRISTINA RANNIT,397,3,4,15,13.0,6048.6,53
377,ERKO SOOPALU,398,3,4,15,8.0,6048.6,104
378,KALLE OLUMETS,402,3,4,15,7.0,6048.6,107
379,MARINA KALJURAND,513,4,4,15,5504.0,6048.6,2
380,RENE TAMMIST,514,4,4,15,506.0,6048.6,8
381,KADRI KÕUSAAR,515,4,4,15,240.0,6048.6,26
382,HARDI VOLMER,529,4,4,15,219.0,6048.6,115
383,TÕNIS BLANK,520,4,4,15,187.0,6048.6,62
384,TÕNU OJA,528,4,4,15,177.0,6048.6,114
385,TANEL TALVE,516,4,4,15,156.0,6048.6,16
386,PILLE PETERSOO,517,4,4,15,123.0,6048.6,38
387,MADIS ROODLA,525,4,4,15,114.0,6048.6,110
388,MERIKE METSTAK,519,4,4,15,101.0,6048.6,74
389,OTT VALDMA,522,4,4,15,94.0,6048.6,96
390,AIN PINNONEN,523,4,4,15,70.0,6048.6,105
391,MATI ÕUNLOO,527,4,4,15,36.0,6048.6,113
392,ILJA BORODKIN,521,4,4,15,32.0,6048.6,86
393,AIN BÖCKLER,526,4,4,15,28.0,6048.6,112
394,JÜRI-SAIMON KUUSEMETS,518,4,4,15,27.0,6048.6,50
395,MARK TENIN,524,4,4,15,7.0,6048.6,108
396,ARTUR TALVIK,622,5,4,15,822.0,6048.6,3
397,EHA METSALLIK,623,5,4,15,135.0,6048.6,23
398,VAL RAJASAAR,634,5,4,15,130.0,6048.6,70
399,HELI PIISANG,624,5,4,15,114.0,6048.6,29
400,LIIS TRUUBON,628,5,4,15,50.0,6048.6,41
401,MARIKA JAHILO,630,5,4,15,43.0,6048.6,45
402,PAAVO EENSALU,631,5,4,15,37.0,6048.6,50
403,KAJA KARU-ESPENBERG,626,5,4,15,30.0,6048.6,36
404,JAANUS SAADVE,625,5,4,15,27.0,6048.6,30
405,RIHO KIRMJÕE,632,5,4,15,18.0,6048.6,57
406,KALLE VIRKUS,627,5,4,15,15.0,6048.6,37
407,MADIS IGANÕMM,629,5,4,15,12.0,6048.6,43
408,URMAS EELMÄE,633,5,4,15,10.0,6048.6,69
409,HENN PÕLLUAAS,711,6,4,15,7390.0,6048.6,3
410,SIIM POHLAK,712,6,4,15,4152.0,6048.6,9
411,RENE KOKK,713,6,4,15,1458.0,6048.6,11
412,KAI RIMMEL,715,6,4,15,873.0,6048.6,17
413,JAANUS HÄRMS,719,6,4,15,445.0,6048.6,74
414,PAUL PUUSTUSMAA,714,6,4,15,419.0,6048.6,5
415,ROLAND TÕNISSON,720,6,4,15,252.0,6048.6,80
416,MEELIS ROSENFELD,722,6,4,15,252.0,6048.6,93
417,MART JÄRVIK,717,6,4,15,223.0,6048.6,56
418,TÕNU URVA,718,6,4,15,201.0,6048.6,65
419,RUDOLF JEESER,726,6,4,15,186.0,6048.6,115
420,ALAR VALGE,721,6,4,15,183.0,6048.6,86
421,PEETER KRALL,723,6,4,15,169.0,6048.6,99
422,MIHKEL SARETOK,727,6,4,15,132.0,6048.6,124
423,MAREK LEINEMANN,716,6,4,15,117.0,6048.6,46
424,RANNO POOL,724,6,4,15,104.0,6048.6,103
425,TÕNU KAUR,725,6,4,15,82.0,6048.6,110
426,PRIIT ALAMÄE,836,7,4,15,1811.0,6048.6,124
427,MONIKA SALU,838,7,4,15,394.0,6048.6,16
428,ANDO KIVIBERG,837,7,4,15,356.0,6048.6,21
429,SANDRA JÄRV,846,7,4,15,239.0,6048.6,80
430,JÜRI LEHTMETS,841,7,4,15,152.0,6048.6,44
431,TAAVI TOOM,839,7,4,15,148.0,6048.6,9
432,TERJE BACHMANN,840,7,4,15,106.0,6048.6,24
433,JAAK RAIE,852,7,4,15,94.0,6048.6,110
434,NADEŽDA GRETŠNEVKINA,848,7,4,15,70.0,6048.6,113
435,LEINO MÄGI,842,7,4,15,61.0,6048.6,61
436,HILJE SAVOLAINEN,844,7,4,15,55.0,6048.6,67
437,JOEL JESSE,843,7,4,15,49.0,6048.6,29
438,RAIVO MERERAND,851,7,4,15,45.0,6048.6,101
439,MARKO NUMMERT,845,7,4,15,27.0,6048.6,78
440,HILLAR JOON,849,7,4,15,24.0,6048.6,87
441,ARKO OKK,850,7,4,15,23.0,6048.6,92
442,TOOMAS TEPOMES,847,7,4,15,15.0,6048.6,89
443,JÜRI RATAS,961,8,4,15,9702.0,6048.6,1
444,VLADIMIR ARHIPOV,968,8,4,15,944.0,6048.6,108
445,KAIDO HÖÖVELSON,962,8,4,15,642.0,6048.6,35
446,VLADIMIR VELMAN,966,8,4,15,496.0,6048.6,45
447,AIVAR RIISALU,965,8,4,15,315.0,6048.6,49
448,OLEG TŠUBAROV,970,8,4,15,243.0,6048.6,85
449,TOOMAS VITSUT,963,8,4,15,226.0,6048.6,11
450,KRISTIINA HEINMETS-AIGRO,964,8,4,15,222.0,6048.6,34
451,ILJA BAN,973,8,4,15,204.0,6048.6,104
452,JAANUS KALEV,971,8,4,15,195.0,6048.6,74
453,HANS LIIBEK,972,8,4,15,126.0,6048.6,51
454,KERSTI MÄNNIK,967,8,4,15,89.0,6048.6,64
455,INDREK UUEMAA,975,8,4,15,86.0,6048.6,111
456,JÜRI VÕIGEMAST,969,8,4,15,80.0,6048.6,80
457,VIIVE ROSENBERG,977,8,4,15,67.0,6048.6,115
458,AIVAR ROOP,974,8,4,15,33.0,6048.6,96
459,ERKI TAMMLEHT,976,8,4,15,11.0,6048.6,113
460,JULIA SOMMER,1052,9,4,15,83.0,6048.6,1
461,JÜRI LUIK,1097,10,4,15,4806.0,6048.6,2
462,HEIKI HEPNER,1100,10,4,15,962.0,6048.6,46
463,MARI-ANN KELAM,1101,10,4,15,745.0,6048.6,30
464,TOOMAS TÕNISTE,1098,10,4,15,479.0,6048.6,21
465,KALLE MUULI,1099,10,4,15,431.0,6048.6,33
466,TANEL OTS,1113,10,4,15,409.0,6048.6,125
467,ARVI KAROTAM,1103,10,4,15,407.0,6048.6,123
468,ANDRES LAISK,1102,10,4,15,396.0,6048.6,66
469,GERLI LEHE,1105,10,4,15,277.0,6048.6,99
470,VILLU KARU,1108,10,4,15,266.0,6048.6,117
471,KAUPO RÄTSEPP,1104,10,4,15,258.0,6048.6,89
472,ANDRES KAARMANN,1106,10,4,15,218.0,6048.6,109
473,LEEMET VAIKMAA,1111,10,4,15,137.0,6048.6,124
474,PRIIT PÕLDMÄE,1107,10,4,15,110.0,6048.6,114
475,MART RANNUT,1110,10,4,15,77.0,6048.6,121
476,MADIS KÜBAR,1112,10,4,15,76.0,6048.6,78
477,ANN RÄÄMET,1109,10,4,15,40.0,6048.6,119
478,RISTO NAHKOR,1187,11,4,15,108.0,6048.6,0
479,KAIDO KOOKMAA,1198,11,4,15,29.0,6048.6,0
480,VELLO KOOKMAA,1188,11,4,15,28.0,6048.6,0
481,TIINA KANGRO,155,1,5,6,366.0,5332.83,2
482,ELGE HÄRMA,157,1,5,6,89.0,5332.83,45
483,EGON ERKMANN,160,1,5,6,75.0,5332.83,81
484,ANNE KIIDER,159,1,5,6,67.0,5332.83,69
485,MIKKO NÕUKAS,156,1,5,6,16.0,5332.83,30
486,JANEK OSTRA,162,1,5,6,12.0,5332.83,102
487,OLEV VAHER,158,1,5,6,10.0,5332.83,57
488,JANUS TUUR,161,1,5,6,9.0,5332.83,92
489,KALLE LAANET,280,2,5,6,3344.0,5332.83,15
490,URVE TIIDUS,281,2,5,6,2617.0,5332.83,18
491,AIVAR VIIDIK,282,2,5,6,893.0,5332.83,81
492,JAANUS RATAS,283,2,5,6,824.0,5332.83,43
493,MAIRE FORSEL,285,2,5,6,460.0,5332.83,75
494,HEIKI KRANICH,284,2,5,6,390.0,5332.83,30
495,TIIU ARO,287,2,5,6,331.0,5332.83,40
496,JAANUS MÜÜR,286,2,5,6,291.0,5332.83,84
497,ALEKSEI LOTMAN,412,3,5,6,320.0,5332.83,125
498,RASMUS LAHTVEE,405,3,5,6,100.0,5332.83,19
499,LOORE HÄRMAT,407,3,5,6,72.0,5332.83,117
500,STEVE TRUUMETS,410,3,5,6,39.0,5332.83,26
501,KRISTEN KANNIK,408,3,5,6,35.0,5332.83,109
502,MERIKE KURVITS,409,3,5,6,25.0,5332.83,71
503,KRISSIKA KAST,411,3,5,6,25.0,5332.83,75
504,MARET MERISAAR,406,3,5,6,23.0,5332.83,27
505,REILI RAND,531,4,5,6,918.0,5332.83,11
506,MADIS KALLAS,530,4,5,6,812.0,5332.83,118
507,NEEME SUUR,532,4,5,6,640.0,5332.83,19
508,HEIKI HANSO,537,4,5,6,355.0,5332.83,75
509,KAIRIT LINDMÄE,533,4,5,6,249.0,5332.83,51
510,HERGO TASUJA,536,4,5,6,208.0,5332.83,39
511,SILVI TEESALU,535,4,5,6,141.0,5332.83,63
512,KAIDO SIPELGAS,534,4,5,6,91.0,5332.83,27
513,KAUPO VIPP,635,5,5,6,198.0,5332.83,5
514,ENN KALJO,636,5,5,6,40.0,5332.83,24
515,SIRKKA PINTMANN,640,5,5,6,32.0,5332.83,62
516,SILJA REEMET,639,5,5,6,31.0,5332.83,61
517,MÄRT RANDOJA,638,5,5,6,30.0,5332.83,47
518,ENRI PAHAPILL,637,5,5,6,19.0,5332.83,25
519,HELLE-MOONIKA HELME,728,6,5,6,3202.0,5332.83,8
520,JAEN TEÄR,729,6,5,6,1124.0,5332.83,35
521,HARDI REHKALT,730,6,5,6,722.0,5332.83,40
522,AGNES PULK,731,6,5,6,653.0,5332.83,52
523,DANIEL MEREÄÄR,735,6,5,6,442.0,5332.83,116
524,TOOMAS VALLIMÄE,733,6,5,6,367.0,5332.83,88
525,MARTIN JUDANOV,734,6,5,6,231.0,5332.83,104
526,ILLE PALUSALU,732,6,5,6,153.0,5332.83,66
527,KOIT KELDER,853,7,5,6,903.0,5332.83,22
528,TOOMAS KASEMAA,854,7,5,6,163.0,5332.83,38
529,KEITH SIILATS,860,7,5,6,89.0,5332.83,122
530,JAANIKA ROOSMAN,855,7,5,6,85.0,5332.83,55
531,LARS UUS,856,7,5,6,50.0,5332.83,69
532,ANU UIBO,857,7,5,6,49.0,5332.83,72
533,MARTIN VAHIMETS,858,7,5,6,35.0,5332.83,96
534,ANDRI SIMO,859,7,5,6,30.0,5332.83,107
535,ENN EESMAA,978,8,5,6,1805.0,5332.83,8
536,JAANUS KARILAID,979,8,5,6,1661.0,5332.83,5
537,MIHKEL UNDREST,980,8,5,6,1024.0,5332.83,48
538,ANTTI LEIGRI,981,8,5,6,427.0,5332.83,61
539,REA RAUS,982,8,5,6,303.0,5332.83,97
540,MAIRE KÄÄRID,984,8,5,6,258.0,5332.83,86
541,AIVAR ARU,983,8,5,6,149.0,5332.83,65
542,ÜLLAR NEEMRAND,985,8,5,6,109.0,5332.83,75
543,DIANA KOOR,1053,9,5,6,13.0,5332.83,8
544,RAIVO AEG,1114,10,5,6,1451.0,5332.83,12
545,MART MAASTIK,1115,10,5,6,523.0,5332.83,24
546,ANTI TOPLAAN,1119,10,5,6,473.0,5332.83,67
547,KAIDO KAASIK,1117,10,5,6,372.0,5332.83,47
548,TOOMAS SCHMIDT,1118,10,5,6,221.0,5332.83,56
549,GEORG LINKOV,1116,10,5,6,141.0,5332.83,38
550,TIIT HARJAK,1120,10,5,6,90.0,5332.83,79
551,TÕNU MUNK,1121,10,5,6,76.0,5332.83,90
552,HARRY RAUDVERE,1189,11,5,6,406.0,5332.83,0
553,PAVO RAUDSEPP,163,1,6,5,87.0,5386.8,7
554,PIRET PIHEL,164,1,6,5,37.0,5386.8,46
555,REIN KOTŠIN,166,1,6,5,21.0,5386.8,70
556,AVE PÜTSEPP,168,1,6,5,15.0,5386.8,93
557,KOIT KUUSK,165,1,6,5,12.0,5386.8,58
558,MARJE SALVE,167,1,6,5,8.0,5386.8,82
559,VEANA HEINMETS,169,1,6,5,5.0,5386.8,103
560,TAAVI RÕIVAS,288,2,6,5,2847.0,5386.8,124
561,MARKO TORM,294,2,6,5,1298.0,5386.8,89
562,KATRIN KUUSEMÄE,291,2,6,5,640.0,5386.8,60
563,MATI RAIDMA,290,2,6,5,617.0,5386.8,33
564,INDREK KESKÜLA,289,2,6,5,547.0,5386.8,97
565,RIHO TELL,293,2,6,5,228.0,5386.8,122
566,LEO AADEL,292,2,6,5,219.0,5386.8,69
567,ANDRES JAADLA,413,3,6,5,106.0,5386.8,12
568,JAANUS NURMOJA,415,3,6,5,51.0,5386.8,47
569,REIGO LEHTLA,419,3,6,5,42.0,5386.8,76
570,RIINA ODNENKO,416,3,6,5,40.0,5386.8,110
571,AARE VEEDLA,417,3,6,5,30.0,5386.8,108
572,ALLAN JAAKUS,414,3,6,5,27.0,5386.8,42
573,VEERA KOSTINA,418,3,6,5,14.0,5386.8,64
574,INDREK SAAR,538,4,6,5,1332.0,5386.8,5
575,ENE AUGASMÄGI,539,4,6,5,329.0,5386.8,20
576,KAIRIT PIHLAK,543,4,6,5,201.0,5386.8,40
577,KELLY KONETSKI-RAMUL,541,4,6,5,178.0,5386.8,28
578,EERIK LUMISTE,540,4,6,5,163.0,5386.8,52
579,MARGUS PUNANE,542,4,6,5,142.0,5386.8,64
580,GARRI RAAGMAA,544,4,6,5,83.0,5386.8,76
581,LAURI KLEIN,641,5,6,5,116.0,5386.8,6
582,CORNELIA KOTTO,642,5,6,5,46.0,5386.8,21
583,JÜRI-ILLIMAR REINBERG-ŠESTAKOV,643,5,6,5,13.0,5386.8,35
584,ANTI POOLAMETS,736,6,6,5,3335.0,5386.8,15
585,AARNE MÄE,738,6,6,5,818.0,5386.8,43
586,MARTI KUUSIK,737,6,6,5,657.0,5386.8,36
587,TANEL TARKMEES,740,6,6,5,317.0,5386.8,82
588,LEO BERGSTRÖM,742,6,6,5,291.0,5386.8,122
589,UNO TRUMM,739,6,6,5,229.0,5386.8,68
590,AIGAR PÕDER,741,6,6,5,121.0,5386.8,100
591,ANNES NAAN,861,7,6,5,310.0,5386.8,19
592,ELMU KOPPELMANN,862,7,6,5,145.0,5386.8,46
593,MADIS VIISE,864,7,6,5,91.0,5386.8,54
594,MARKO TEIVA,863,7,6,5,80.0,5386.8,37
595,TRIIN SIHVER,866,7,6,5,80.0,5386.8,105
596,TARMO TAMM,867,7,6,5,75.0,5386.8,123
597,AHTO NEIDEK,865,7,6,5,47.0,5386.8,94
598,SIRET KOTKA-REPINSKI,986,8,6,5,2095.0,5386.8,30
599,TOOMAS VÄINASTE,992,8,6,5,930.0,5386.8,38
600,TRIIN VAREK,988,8,6,5,912.0,5386.8,67
601,MAKSIM BUTŠENKOV,987,8,6,5,465.0,5386.8,76
602,JELENA FJODOROVA,990,8,6,5,396.0,5386.8,87
603,HANS KRUUSAMÄGI,991,8,6,5,306.0,5386.8,121
604,JAAN MÄNNIK,989,8,6,5,267.0,5386.8,12
605,ANDREI ANISSIMOV,1054,9,6,5,12.0,5386.8,11
606,ÜLLAR SAAREMÄE,1123,10,6,5,2023.0,5386.8,25
607,MARKO POMERANTS,1122,10,6,5,1989.0,5386.8,13
608,EINAR VALLBAUM,1128,10,6,5,423.0,5386.8,32
609,TÕNIS PRULER,1127,10,6,5,401.0,5386.8,68
610,ALARI KIRT,1126,10,6,5,313.0,5386.8,57
611,MIHKEL JUHKAMI,1125,10,6,5,177.0,5386.8,48
612,TAMARA VAHTRA-AASMETS,1124,10,6,5,135.0,5386.8,39
613,JANE SNAITH,170,1,7,7,50.0,3859.0,17
614,KARINA KÜPPAS,172,1,7,7,43.0,3859.0,59
615,SIRJE PALLO,171,1,7,7,22.0,3859.0,47
616,INNA ROSE,178,1,7,7,11.0,3859.0,23
617,DENISS TIŠTŠENKO,175,1,7,7,8.0,3859.0,94
618,LIDIA RETTIJEVA,177,1,7,7,6.0,3859.0,111
619,MULJE KULLERKUP,174,1,7,7,5.0,3859.0,83
620,ASKO SIRP,176,1,7,7,3.0,3859.0,104
621,ANDO KUURA,173,1,7,7,1.0,3859.0,71
622,EERIK-NIILES KROSS,295,2,7,7,1110.0,3859.0,14
623,AIVAR SURVA,297,2,7,7,880.0,3859.0,68
624,MARIS TOOMEL,296,2,7,7,448.0,3859.0,55
625,ANDREA EICHE,300,2,7,7,416.0,3859.0,104
626,SERGEI GORLATŠ,298,2,7,7,279.0,3859.0,109
627,TOOMAS NÕMMISTE,302,2,7,7,268.0,3859.0,108
628,PRIIT PALMET,303,2,7,7,211.0,3859.0,107
629,MERIKE PERI,299,2,7,7,91.0,3859.0,117
630,OLESJA OJAMÄE,301,2,7,7,66.0,3859.0,105
631,TIMUR SAGITOV,420,3,7,7,77.0,3859.0,14
632,MÄRT PÕDER,428,3,7,7,44.0,3859.0,45
633,OLGA GUDKOVA,421,3,7,7,32.0,3859.0,28
634,DARJA VORONTSOVA,426,3,7,7,13.0,3859.0,41
635,ANETTE-MARLEN OTT,425,3,7,7,13.0,3859.0,65
636,ROMAN MUTONEN,422,3,7,7,9.0,3859.0,122
637,ALEKSEI NEHOROŠKIN,424,3,7,7,7.0,3859.0,77
638,LEONID MIRONOV,427,3,7,7,5.0,3859.0,86
639,ELEONORA LOGINOVA,423,3,7,7,4.0,3859.0,111
640,KATRI RAIK,545,4,7,7,2112.0,3859.0,119
641,EDUARD ODINETS,546,4,7,7,573.0,3859.0,29
642,MAKSIM ILJIN,547,4,7,7,369.0,3859.0,21
643,ANTON PRATKUNAS,548,4,7,7,271.0,3859.0,41
644,ANTS KUTTI,551,4,7,7,211.0,3859.0,87
645,ETTI KAGAROV,553,4,7,7,181.0,3859.0,65
646,SERGEI SOLOVJOV,550,4,7,7,107.0,3859.0,77
647,TATJANA OLESK,549,4,7,7,98.0,3859.0,53
648,PAVEL PROKOPENKO,552,4,7,7,86.0,3859.0,97
649,KAJA TOIKKA,644,5,7,7,95.0,3859.0,4
650,AGO SAMOSON,645,5,7,7,11.0,3859.0,13
651,RIHO BREIVEL,744,6,7,7,979.0,3859.0,13
652,KERSTI KRACHT,743,6,7,7,373.0,3859.0,27
653,ARVO ALLER,745,6,7,7,283.0,3859.0,45
654,KALEV PRITS,746,6,7,7,175.0,3859.0,60
655,MARI-LIIS LILLEMETS,751,6,7,7,118.0,3859.0,123
656,EVELIN POOLAMETS,747,6,7,7,107.0,3859.0,81
657,RINGO RIIVES,750,6,7,7,94.0,3859.0,114
658,TIIT RAUD,749,6,7,7,74.0,3859.0,109
659,ANDRES PIIBELEHT,748,6,7,7,31.0,3859.0,90
660,AHTI PUUR,868,7,7,7,454.0,3859.0,18
661,JANA PAVLENKOVA,869,7,7,7,209.0,3859.0,26
662,SVETLANA SKREBNEVA,871,7,7,7,91.0,3859.0,45
663,NIKITA LUMIJÕE,870,7,7,7,67.0,3859.0,17
664,MIHHAIL DERBNEV,874,7,7,7,60.0,3859.0,88
665,JÜRI KÄOSAAR,876,7,7,7,51.0,3859.0,43
666,DARJA BERESTOVA,873,7,7,7,37.0,3859.0,49
667,STANISLAV TITUŠKO,872,7,7,7,36.0,3859.0,75
668,VIKTOR GOLUBJATNIKOV,875,7,7,7,6.0,3859.0,102
669,YANA TOOM,993,8,7,7,6195.0,3859.0,6
670,MIHHAIL STALNUHHIN,994,8,7,7,2653.0,3859.0,17
671,MARTIN REPINSKI,1001,8,7,7,976.0,3859.0,77
672,DMITRI DMITRIJEV,997,8,7,7,943.0,3859.0,40
673,VALERI KORB,995,8,7,7,798.0,3859.0,24
674,TARMO TAMMISTE,996,8,7,7,632.0,3859.0,63
675,MAKSIM VOLKOV,999,8,7,7,619.0,3859.0,95
676,EEVI PAASMÄE,998,8,7,7,529.0,3859.0,37
677,EVE EAST,1000,8,7,7,355.0,3859.0,119
678,VIKTOR MALÕGIN,1055,9,7,7,65.0,3859.0,7
679,MARJA-LIISA VEISER,1131,10,7,7,448.0,3859.0,40
680,TIIT SALVAN,1130,10,7,7,382.0,3859.0,35
681,SIIM VALMAR KIISLER,1129,10,7,7,379.0,3859.0,9
682,AIVO TAMM,1135,10,7,7,148.0,3859.0,80
683,ARTUR PÕLD,1133,10,7,7,135.0,3859.0,58
684,ARNO STRAUCH,1136,10,7,7,119.0,3859.0,91
685,JANEK RAIK,1137,10,7,7,81.0,3859.0,100
686,ANDRES NOORMÄGI,1132,10,7,7,42.0,3859.0,49
687,VALENTINA GUROVA,1134,10,7,7,33.0,3859.0,69
688,ARLET PALMISTE,180,1,8,7,101.0,5349.71,38
689,AIN OSTRA,179,1,8,7,68.0,5349.71,20
690,MARI-LIIS TAHKER,181,1,8,7,28.0,5349.71,48
691,AIN AUKSIMÄE,183,1,8,7,21.0,5349.71,72
692,OLEV RAHNU,185,1,8,7,20.0,5349.71,95
693,JÜRMO SILLASTE,182,1,8,7,15.0,5349.71,60
694,HEIKI RIPS,184,1,8,7,12.0,5349.71,84
695,MARGUS SARDIS,187,1,8,7,10.0,5349.71,112
696,HANNO KIRSCHFELDT,186,1,8,7,6.0,5349.71,105
697,JÜRGEN LIGI,304,2,8,7,6069.0,5349.71,2
698,YOKO ALENDER,305,2,8,7,997.0,5349.71,19
699,RAIT PIHELGAS,307,2,8,7,593.0,5349.71,56
700,TAIMO TUGI,312,2,8,7,459.0,5349.71,110
701,TÕNU JUUL,308,2,8,7,422.0,5349.71,87
702,MADIS TIMPSON,306,2,8,7,413.0,5349.71,44
703,SULEV KANNIMÄE,310,2,8,7,371.0,5349.71,39
704,MATI SADAM,309,2,8,7,296.0,5349.71,98
705,TARMO ALT,311,2,8,7,157.0,5349.71,73
706,HANNES PUU,429,3,8,7,129.0,5349.71,15
707,HELI KUUSE,432,3,8,7,97.0,5349.71,112
708,ELO-MARIA ROOTS,437,3,8,7,45.0,5349.71,96
709,KRISTJAN ROHTLA,431,3,8,7,42.0,5349.71,25
710,ARVI TAPVER,430,3,8,7,20.0,5349.71,31
711,ERKO ELMIK,435,3,8,7,16.0,5349.71,78
712,TIINA RAMMUL,434,3,8,7,13.0,5349.71,66
713,EVELI PERMANSON,433,3,8,7,11.0,5349.71,63
714,JÜRI-JOONAS KEREM,436,3,8,7,4.0,5349.71,87
715,HELMEN KÜTT,554,4,8,7,2194.0,5349.71,120
716,LAURI LÄÄNEMETS,557,4,8,7,994.0,5349.71,6
717,JUHAN-MART SALUMÄE,558,4,8,7,509.0,5349.71,54
718,SIRET PIHELGAS,555,4,8,7,421.0,5349.71,30
719,PIRET AUS,556,4,8,7,241.0,5349.71,42
720,KÜLVAR MAND,559,4,8,7,156.0,5349.71,66
721,TONIO TAMRA,562,4,8,7,66.0,5349.71,98
722,KAAREL ORUMÄGI,561,4,8,7,60.0,5349.71,88
723,TAMBET SOVA,560,4,8,7,41.0,5349.71,78
724,ÜLLE KULDKEPP,650,5,8,7,101.0,5349.71,72
725,RIINA EIGI,646,5,8,7,80.0,5349.71,11
726,JANICA SEPP,647,5,8,7,60.0,5349.71,32
727,PRIIT-KALEV PARTS,649,5,8,7,57.0,5349.71,53
728,PEEP TOBRELUTS,648,5,8,7,52.0,5349.71,51
729,JAAK MADISON,752,6,8,7,5612.0,5349.71,4
730,KALLE GRÜNTHAL,753,6,8,7,740.0,5349.71,29
731,REIN SUURKASK,754,6,8,7,456.0,5349.71,24
732,ENN SARV,756,6,8,7,441.0,5349.71,72
733,HELI KOIT,757,6,8,7,436.0,5349.71,87
734,MEDI MEIKAR,755,6,8,7,287.0,5349.71,58
735,PRIIT JÜRJENS,760,6,8,7,190.0,5349.71,125
736,TARMO HINTS,758,6,8,7,122.0,5349.71,38
737,ANDO TULVIK,759,6,8,7,105.0,5349.71,112
738,RUSLAN TROCHYNSKYI,877,7,8,7,384.0,5349.71,20
739,KALLE KALLAS,879,7,8,7,148.0,5349.71,30
740,ANGELIKA NARIS,878,7,8,7,113.0,5349.71,50
741,KRISTER KALLAS,885,7,8,7,97.0,5349.71,42
742,RAUL ALLIKSAAR,881,7,8,7,97.0,5349.71,103
743,MARJU MÄGER,880,7,8,7,89.0,5349.71,59
744,LAURI VAIKSAAR,884,7,8,7,72.0,5349.71,64
745,TATJANA JÜRGEN,883,7,8,7,43.0,5349.71,117
746,TIIA PIIRIMEES,882,7,8,7,17.0,5349.71,76
747,JAAK AAB,1002,8,8,7,2227.0,5349.71,31
748,KERSTI SARAPUU,1003,8,8,7,1394.0,5349.71,7
749,PEETER RAHNEL,1004,8,8,7,1019.0,5349.71,60
750,HELMUT HALLEMAA,1010,8,8,7,700.0,5349.71,44
751,GETTER KLAAS,1005,8,8,7,245.0,5349.71,109
752,HEIDY TAMME,1008,8,8,7,236.0,5349.71,118
753,RAIVO MATSINA,1007,8,8,7,215.0,5349.71,88
754,KARL ÕMBLUS,1006,8,8,7,158.0,5349.71,73
755,AADO OHERD,1009,8,8,7,59.0,5349.71,98
756,DIANA NÕMBERG-KLAUS,1056,9,8,7,13.0,5349.71,6
757,HELIR-VALDOR SEEDER,1138,10,8,7,3138.0,5349.71,1
758,KAIA IVA,1139,10,8,7,1526.0,5349.71,14
759,ALAR KARU,1141,10,8,7,531.0,5349.71,50
760,PRIIT VÄRK,1140,10,8,7,341.0,5349.71,41
761,VALTER VAHA,1145,10,8,7,170.0,5349.71,92
762,JÜRI ELLRAM,1142,10,8,7,160.0,5349.71,59
763,HERMANN KALMUS,1146,10,8,7,144.0,5349.71,101
764,JANIKA GEDVIL,1143,10,8,7,132.0,5349.71,70
765,KASPAR KAARJAS,1144,10,8,7,34.0,5349.71,81
766,JÜRI MALSUB,1186,11,8,7,90.0,5349.71,0
767,ELO LUTSEPP,188,1,9,7,207.0,5978.14,6
768,MÄRT LÄÄNEMETS,189,1,9,7,84.0,5978.14,10
769,MÄRT MEESAK,196,1,9,7,76.0,5978.14,19
770,KAIDO VÄLJAOTS,192,1,9,7,62.0,5978.14,49
771,KATRIN HAUK,191,1,9,7,38.0,5978.14,32
772,URMAS HEINASTE,190,1,9,7,36.0,5978.14,35
773,ELAR PLOOMIPUU,195,1,9,7,33.0,5978.14,85
774,TIIT URVA,193,1,9,7,18.0,5978.14,61
775,TAUNO KURE,194,1,9,7,17.0,5978.14,73
776,URMAS KRUUSE,313,2,9,7,5398.0,5978.14,17
777,VALDO RANDPERE,314,2,9,7,2079.0,5978.14,29
778,TOOMAS JÄRVEOJA,315,2,9,7,1494.0,5978.14,42
779,ERKKI KELDO,321,2,9,7,722.0,5978.14,31
780,RAIVO MEITUS,317,2,9,7,510.0,5978.14,79
781,ILLARI LÄÄN,319,2,9,7,388.0,5978.14,100
782,AIVAR SAARELA,318,2,9,7,293.0,5978.14,70
783,ÜLVI NOOL-KÕRE,316,2,9,7,287.0,5978.14,112
784,MERILI RANNISTE,320,2,9,7,228.0,5978.14,96
785,KAI KÜNNIS-BERES,438,3,9,7,240.0,5978.14,2
786,HENRY LAKS,446,3,9,7,165.0,5978.14,43
787,KÜLLIKE REIMAA,442,3,9,7,59.0,5978.14,20
788,IVO-HANNES LEHTSALU,440,3,9,7,37.0,5978.14,118
789,RIINA PERNAU,443,3,9,7,33.0,5978.14,67
790,ALO KAASIK,445,3,9,7,25.0,5978.14,88
791,ERKI SAKSING,441,3,9,7,22.0,5978.14,113
792,ARVO KUIV,439,3,9,7,21.0,5978.14,56
793,TAAVO SAVIK,444,3,9,7,14.0,5978.14,79
794,EIKI NESTOR,563,4,9,7,1491.0,5978.14,124
795,JÜRI MOROZOV,564,4,9,7,735.0,5978.14,13
796,PRIIT LOMP,566,4,9,7,503.0,5978.14,31
797,MARIKA SAAR,565,4,9,7,367.0,5978.14,22
798,MARGUS MÖLDRI,567,4,9,7,220.0,5978.14,43
799,MAANO KOEMETS,570,4,9,7,205.0,5978.14,79
800,JARNO LAUR,571,4,9,7,198.0,5978.14,89
801,MATI KEPP,569,4,9,7,91.0,5978.14,67
802,JAAN SÕRRA,568,4,9,7,81.0,5978.14,55
803,PEETER LEPISK,651,5,9,7,163.0,5978.14,9
804,ANNELI PALO,652,5,9,7,146.0,5978.14,20
805,KÜLLI ORG,653,5,9,7,45.0,5978.14,40
806,TAUNO LAASIK,654,5,9,7,44.0,5978.14,64
807,TOOMAS FREY,655,5,9,7,41.0,5978.14,68
808,PEETER ERNITS,761,6,9,7,3846.0,5978.14,14
809,RAIVO PÕLDARU,762,6,9,7,1414.0,5978.14,31
810,MALLE PÄRN,765,6,9,7,1197.0,5978.14,39
811,KERT KINGO,764,6,9,7,1082.0,5978.14,16
812,AARE RÜÜTEL,769,6,9,7,565.0,5978.14,120
813,ÜLLE ROSIN,763,6,9,7,557.0,5978.14,47
814,AIVAR ÕUN,767,6,9,7,325.0,5978.14,78
815,AIVO LILL,766,6,9,7,278.0,5978.14,55
816,KRISTIAN SUVE,768,6,9,7,98.0,5978.14,101
817,ALEKSANDR ŠIROKOV,886,7,9,7,453.0,5978.14,23
818,ÜLLE PÄRL,887,7,9,7,453.0,5978.14,60
819,KADI PLOOM,888,7,9,7,278.0,5978.14,51
820,EVELIN PÄRL,892,7,9,7,131.0,5978.14,36
821,MAARIKA KUKK,890,7,9,7,116.0,5978.14,83
822,MARGUS PÄRSIK,889,7,9,7,115.0,5978.14,63
823,RONALD LAARMAA,894,7,9,7,114.0,5978.14,119
824,VÄINO UIBO,893,7,9,7,74.0,5978.14,104
825,KAARE PÕDER,891,7,9,7,55.0,5978.14,74
826,MARIKA TUUS-LAUL,1012,8,9,7,2095.0,5978.14,19
827,JANEK MÄGGI,1011,8,9,7,1671.0,5978.14,32
828,JAAN ÕUNAPUU,1013,8,9,7,791.0,5978.14,100
829,PEEP PÕDDER,1015,8,9,7,414.0,5978.14,114
830,MAX KAUR,1017,8,9,7,404.0,5978.14,106
831,PEETER LAASIK,1016,8,9,7,313.0,5978.14,89
832,AARE OLGO,1014,8,9,7,281.0,5978.14,36
833,ANDRES VÄÄN,1018,8,9,7,276.0,5978.14,79
834,TARMO TOMSON,1019,8,9,7,193.0,5978.14,103
835,TIINA RADIONOV,1057,9,9,7,34.0,5978.14,5
836,RAIVO TAMM,1150,10,9,7,2583.0,5978.14,15
837,AIVAR KOKK,1147,10,9,7,2536.0,5978.14,8
838,EVA KAMS,1148,10,9,7,660.0,5978.14,36
839,TIIT LÄÄNE,1149,10,9,7,498.0,5978.14,42
840,IVAR TEDREMA,1151,10,9,7,312.0,5978.14,60
841,RAIN SANGERNEBO,1152,10,9,7,253.0,5978.14,71
842,AARE ANDERSON,1154,10,9,7,232.0,5978.14,93
843,JAANA PUUR,1153,10,9,7,144.0,5978.14,82
844,HELDUR LÄÄNE,1155,10,9,7,90.0,5978.14,102
845,KUIDO NÕMM,197,1,10,8,430.0,5603.88,11
846,VAHUR KOLLOM,198,1,10,8,117.0,5603.88,5
847,MART KIVASTIK,206,1,10,8,106.0,5603.88,106
848,ALVAR TIPP,204,1,10,8,44.0,5603.88,86
849,HEIKI LILL,199,1,10,8,38.0,5603.88,29
850,LAILI JÕGIAAS,201,1,10,8,29.0,5603.88,36
851,KRISTO KARU,202,1,10,8,27.0,5603.88,62
852,KAIDO KALLAVUS,200,1,10,8,22.0,5603.88,50
853,HERLE GERASSIMOVA,203,1,10,8,18.0,5603.88,74
854,HEINO RITSMAN,205,1,10,8,6.0,5603.88,96
855,URMAS KLAAS,322,2,10,8,6119.0,5603.88,12
856,ANTS LAANEOTS,324,2,10,8,3053.0,5603.88,10
857,SIGNE KIVI,326,2,10,8,1356.0,5603.88,25
858,HELE EVERAUS,327,2,10,8,1110.0,5603.88,48
859,MARGIT SUTROP,323,2,10,8,1082.0,5603.88,37
860,URMAS SIIGUR,325,2,10,8,940.0,5603.88,58
861,RAIMOND TAMM,328,2,10,8,792.0,5603.88,83
862,AIRIS MEIER,329,2,10,8,389.0,5603.88,54
863,RENO LAIDRE,330,2,10,8,354.0,5603.88,67
864,ANDRUS PUNT,331,2,10,8,309.0,5603.88,91
865,MARKO KAASIK,447,3,10,8,362.0,5603.88,7
866,REA SEPPING,448,3,10,8,109.0,5603.88,123
867,INGA PLOOMIPUU,451,3,10,8,100.0,5603.88,62
868,RAUL KÜBARSEPP,453,3,10,8,96.0,5603.88,54
869,JÜRI GINTER,450,3,10,8,88.0,5603.88,21
870,HELLE KAASIK,455,3,10,8,75.0,5603.88,97
871,MERILY VAKKER,456,3,10,8,49.0,5603.88,99
872,RUTH TAMMEORG,454,3,10,8,27.0,5603.88,89
873,JAAN OLARI,452,3,10,8,20.0,5603.88,68
874,ELMER JOANDI,449,3,10,8,13.0,5603.88,120
875,HELJO PIKHOF,572,4,10,8,1522.0,5603.88,121
876,MARJU LAURISTIN,581,4,10,8,1172.0,5603.88,125
877,GEA KANGILASKI,574,4,10,8,802.0,5603.88,32
878,TOOMAS JÜRGENSTEIN,573,4,10,8,735.0,5603.88,10
879,OTT MAIDRE,577,4,10,8,263.0,5603.88,68
880,LEMMIT KAPLINSKI,576,4,10,8,215.0,5603.88,56
881,MEELIS LUHT,575,4,10,8,131.0,5603.88,44
882,ASKO TAMME,578,4,10,8,98.0,5603.88,80
883,ANTS JOHANSON,579,4,10,8,85.0,5603.88,90
884,TÕNU INTS,580,4,10,8,64.0,5603.88,99
885,MART JÜSSI,657,5,10,8,320.0,5603.88,46
886,AHTO KAASIK,656,5,10,8,281.0,5603.88,2
887,JAAK VALGE,770,6,10,8,2740.0,5603.88,12
888,INDREK SÄRG,772,6,10,8,2223.0,5603.88,32
889,INDREK KALDA,775,6,10,8,689.0,5603.88,75
890,RUUBEN KAALEP,771,6,10,8,566.0,5603.88,10
891,INDREK HIRV,773,6,10,8,295.0,5603.88,51
892,HEIKI VILEP,779,6,10,8,247.0,5603.88,117
893,MERIKE LUMI,778,6,10,8,246.0,5603.88,107
894,AIN EHARI,777,6,10,8,241.0,5603.88,96
895,AARE TAMM,776,6,10,8,200.0,5603.88,89
896,MAREH KALDA,774,6,10,8,194.0,5603.88,62
897,KRISTIINA TÕNNISSON,896,7,10,8,775.0,5603.88,13
898,MARGUS TSAHKNA,895,7,10,8,612.0,5603.88,125
899,TANEL TEIN,897,7,10,8,530.0,5603.88,120
900,KADRI HALLER-KIKKATALO,900,7,10,8,166.0,5603.88,28
901,JAAK LAINESTE,903,7,10,8,153.0,5603.88,35
902,PILLE TSOPP-PAGAN,898,7,10,8,130.0,5603.88,32
903,JÜRI-OTT SALM,899,7,10,8,106.0,5603.88,57
904,ISMAIL MIRZOJEV,901,7,10,8,87.0,5603.88,93
905,KARIN JÕKS,902,7,10,8,59.0,5603.88,81
906,KIRILL AVDEJEV,904,7,10,8,59.0,5603.88,111
907,AADU MUST,1020,8,10,8,2370.0,5603.88,16
908,JAAN TOOTS,1021,8,10,8,871.0,5603.88,23
909,JELENA FRUNZE,1026,8,10,8,732.0,5603.88,91
910,NIKOLAI PÕDRAMÄGI,1027,8,10,8,683.0,5603.88,105
911,VLADIMIR ŠOKMAN,1023,8,10,8,383.0,5603.88,58
912,IRINA PANOVA,1028,8,10,8,335.0,5603.88,101
913,MARINA RIISALU,1024,8,10,8,202.0,5603.88,59
914,VIKTOR TRASBERG,1025,8,10,8,200.0,5603.88,28
915,MONICA RAND,1022,8,10,8,164.0,5603.88,82
916,MADIS LEPAJÕE,1029,8,10,8,159.0,5603.88,112
917,VIIVI-HELBE PELJUHHOVSKA,1058,9,10,8,30.0,5603.88,3
918,TÕNIS LUKAS,1156,10,10,8,2506.0,5603.88,19
919,MIHHAIL LOTMAN,1158,10,10,8,1086.0,5603.88,10
920,LAURI VAHTRE,1157,10,10,8,876.0,5603.88,22
921,EVA-LIISA LUHAMETS,1159,10,10,8,277.0,5603.88,51
922,ANNELI KANNUS,1160,10,10,8,221.0,5603.88,61
923,KASPAR KOKK,1165,10,10,8,145.0,5603.88,110
924,PRIIT HUMAL,1161,10,10,8,141.0,5603.88,72
925,FRIEDRICH KAASIK,1163,10,10,8,75.0,5603.88,94
926,TARVO SIILABERG,1164,10,10,8,56.0,5603.88,103
927,JAAN VAIKSAAR,1162,10,10,8,33.0,5603.88,83
928,KAUL NURM,207,1,11,8,222.0,5386.25,1
929,MARIKA PARV,208,1,11,8,157.0,5386.25,51
930,ANNIKA TOOTS,211,1,11,8,59.0,5386.25,75
931,ÜLLAR VANA,210,1,11,8,40.0,5386.25,63
932,URMAS OTT,209,1,11,8,33.0,5386.25,37
933,KATI KONGO,212,1,11,8,22.0,5386.25,87
934,KRISTI VARUL,216,1,11,8,21.0,5386.25,117
935,TÕNIS LUKATS,213,1,11,8,19.0,5386.25,97
936,URMET KÜLAOTS,214,1,11,8,19.0,5386.25,107
937,MIHKEL MÄLLO,215,1,11,8,14.0,5386.25,113
938,HANNO PEVKUR,332,2,11,8,3595.0,5386.25,4
939,LIINA KERSNA,333,2,11,8,2343.0,5386.25,16
940,MAIDO RUUSMANN,334,2,11,8,1093.0,5386.25,52
941,ANDRUS SEEME,335,2,11,8,764.0,5386.25,27
942,AIVAR ROSENBERG,337,2,11,8,512.0,5386.25,88
943,MARGUS LEPIK,338,2,11,8,449.0,5386.25,51
944,ÜLO NEEDO,339,2,11,8,428.0,5386.25,59
945,ANTI HAUGAS,340,2,11,8,379.0,5386.25,49
946,PEETER SIBUL,341,2,11,8,302.0,5386.25,57
947,EINIKE MÖLDER,336,2,11,8,164.0,5386.25,119
948,INGA RAITAR,457,3,11,8,269.0,5386.25,5
949,ZOJA MELLOV,458,3,11,8,63.0,5386.25,24
950,STINA RAMMUL,460,3,11,8,28.0,5386.25,114
951,ARVI MATVEI,459,3,11,8,19.0,5386.25,39
952,EVE ROOTS,465,3,11,8,16.0,5386.25,98
953,HARRI TILK,462,3,11,8,13.0,5386.25,69
954,MOONIKA MALMRE,463,3,11,8,12.0,5386.25,80
955,MARGARITA RANDVIIR,461,3,11,8,9.0,5386.25,55
956,MEIDI TIIMUS,466,3,11,8,6.0,5386.25,74
957,PIRET KÄIGE,464,3,11,8,5.0,5386.25,90
958,IVARI PADAR,582,4,11,8,1457.0,5386.25,122
959,ANTI ALLAS,591,4,11,8,789.0,5386.25,100
960,KALVI KÕVA,585,4,11,8,605.0,5386.25,3
961,REIN RANDVER,584,4,11,8,499.0,5386.25,14
962,INARA LUIGAS,586,4,11,8,404.0,5386.25,57
963,SIRJE TOBRELUTS,583,4,11,8,401.0,5386.25,45
964,KAUPO KUTSAR,590,4,11,8,315.0,5386.25,91
965,TARMO TAMM,589,4,11,8,268.0,5386.25,81
966,REIN JÄRVELILL,587,4,11,8,216.0,5386.25,33
967,MAIRE MURUMAA,588,4,11,8,80.0,5386.25,69
968,RAINER KUUBA,658,5,11,8,416.0,5386.25,10
969,AIRI HALLIK-KONNULA,659,5,11,8,141.0,5386.25,14
970,ÜLLE KAUKSI,666,5,11,8,126.0,5386.25,71
971,EDA VEEROJA,661,5,11,8,85.0,5386.25,22
972,OLIVER LOODE,663,5,11,8,43.0,5386.25,48
973,REIN LEPP,665,5,11,8,40.0,5386.25,56
974,LILIAN FREIBERG,662,5,11,8,24.0,5386.25,42
975,ALEXANDER LINNAMÄE,660,5,11,8,18.0,5386.25,16
976,REIN EINASTO,664,5,11,8,12.0,5386.25,55
977,UNO KASKPEIT,780,6,11,8,3802.0,5386.25,23
978,MERRY AART,781,6,11,8,1245.0,5386.25,6
979,TIIT KALA,782,6,11,8,1033.0,5386.25,21
980,INDREK KÄO,784,6,11,8,991.0,5386.25,57
981,ANTS TAUL,786,6,11,8,814.0,5386.25,84
982,KALMAR LUISK,787,6,11,8,786.0,5386.25,94
983,JÜRI KAVER,789,6,11,8,716.0,5386.25,118
984,ARNO SILD,783,6,11,8,575.0,5386.25,19
985,MEELIS AIANURM,788,6,11,8,480.0,5386.25,105
986,GAIUS GIL,785,6,11,8,202.0,5386.25,71
987,IGOR TARO,905,7,11,8,1007.0,5386.25,11
988,EINAR VISNAPUU,906,7,11,8,260.0,5386.25,15
989,EPP PETRONE,914,7,11,8,139.0,5386.25,121
990,MERLIS PAJUSTIK,909,7,11,8,118.0,5386.25,48
991,MIKK MÄESAAR,911,7,11,8,90.0,5386.25,79
992,KRISTA SILDOJA,908,7,11,8,77.0,5386.25,70
993,HERKO SUNTS,913,7,11,8,74.0,5386.25,95
994,ARE SELGE,907,7,11,8,72.0,5386.25,56
995,KATRIN JÕGEVA,912,7,11,8,43.0,5386.25,114
996,MARGIT LAIL,910,7,11,8,29.0,5386.25,106
997,TARMO TAMM,1030,8,11,8,2824.0,5386.25,29
998,ESTER KARUSE,1033,8,11,8,1665.0,5386.25,27
999,ANNELI OTT,1031,8,11,8,1474.0,5386.25,14
1000,HEIMAR LENK,1032,8,11,8,1176.0,5386.25,43
1001,ÜLO TULIK,1039,8,11,8,559.0,5386.25,94
1002,JANIKA USIN,1035,8,11,8,450.0,5386.25,69
1003,ANDRE LAINE,1034,8,11,8,326.0,5386.25,81
1004,ÜLLE JUHT,1037,8,11,8,325.0,5386.25,93
1005,JAANUS RAIDAL,1036,8,11,8,242.0,5386.25,92
1006,JÜRI SAAR,1038,8,11,8,156.0,5386.25,102
1007,PRIIT SIBUL,1166,10,11,8,1406.0,5386.25,5
1008,MEELIS MÕTTUS,1168,10,11,8,644.0,5386.25,43
1009,ULLA PREEDEN,1169,10,11,8,510.0,5386.25,52
1010,MERLE JÄÄGER,1167,10,11,8,474.0,5386.25,26
1011,KURMET MÜÜRSEPP,1170,10,11,8,273.0,5386.25,62
1012,MONIKA ROGENBAUM,1175,10,11,8,271.0,5386.25,111
1013,ARNE TILK,1171,10,11,8,224.0,5386.25,73
1014,KALLE VISTER,1172,10,11,8,169.0,5386.25,84
1015,TOOMAS PIIRMANN,1173,10,11,8,135.0,5386.25,95
1016,AIN PAJO,1174,10,11,8,47.0,5386.25,104
1017,ÜLLAR KRUUSTIK,1194,11,11,8,112.0,5386.25,0
1018,TANEL HÄIDKIND,1195,11,11,8,61.0,5386.25,0
1019,TOOMAS ALATALU,217,1,12,7,190.0,5887.86,52
1020,HELI KÜNNAPAS,218,1,12,7,151.0,5887.86,14
1021,ELMO JOA,219,1,12,7,49.0,5887.86,64
1022,ALLAR SAU,221,1,12,7,28.0,5887.86,88
1023,ÜLLE ORAV,223,1,12,7,19.0,5887.86,108
1024,FREDY VABRIT,220,1,12,7,18.0,5887.86,76
1025,REIN PRINS,225,1,12,7,14.0,5887.86,118
1026,DANDY ROSENBERG,222,1,12,7,9.0,5887.86,98
1027,JÜRGEN POST,224,1,12,7,3.0,5887.86,114
1028,TOOMAS KIVIMÄGI,342,2,12,7,5202.0,5887.86,26
1029,ANNELY AKKERMANN,343,2,12,7,2397.0,5887.86,36
1030,JÜRI JAANSON,344,2,12,7,1139.0,5887.86,28
1031,MARIKA VALTER,348,2,12,7,526.0,5887.86,72
1032,TOOMAS RÕHU,345,2,12,7,421.0,5887.86,95
1033,JÜRI LEBEDEV,350,2,12,7,372.0,5887.86,74
1034,ANDRES MÕIS,347,2,12,7,289.0,5887.86,106
1035,MADIS KOIT,349,2,12,7,268.0,5887.86,94
1036,MEELI PÄRNA,346,2,12,7,246.0,5887.86,77
1037,KRISTER KIVI,467,3,12,7,246.0,5887.86,33
1038,MIKK PÄRNITS,469,3,12,7,52.0,5887.86,116
1039,TIIA KÕNNUSSAAR,475,3,12,7,50.0,5887.86,119
1040,ANU PALUOJA,471,3,12,7,36.0,5887.86,115
1041,KRISTA LEHARI,474,3,12,7,34.0,5887.86,91
1042,JOHANNES SARAPUU,473,3,12,7,30.0,5887.86,81
1043,TIINA KILKSON,470,3,12,7,26.0,5887.86,121
1044,MARGIT ADORF,468,3,12,7,19.0,5887.86,34
1045,SVEN ARULAID,472,3,12,7,13.0,5887.86,70
1046,INDREK TARAND,592,4,12,7,1061.0,5887.86,123
1047,MADIS VESKIMÄGI,596,4,12,7,429.0,5887.86,46
1048,KADRI-AIJA VIIK,593,4,12,7,358.0,5887.86,34
1049,KALEV KALJUSTE,594,4,12,7,352.0,5887.86,18
1050,MERCEDES MERIMAA,595,4,12,7,192.0,5887.86,70
1051,TATJANA JAANSON,598,4,12,7,130.0,5887.86,92
1052,JAAN KRINAL,600,4,12,7,100.0,5887.86,58
1053,ANET TOMAŠPOLSKAJA,599,4,12,7,86.0,5887.86,101
1054,REELIKA RÜÜTLI,597,4,12,7,72.0,5887.86,82
1055,MATI KOSE,667,5,12,7,270.0,5887.86,8
1056,AIVAR RUUKEL,668,5,12,7,149.0,5887.86,15
1057,TAUNO JÜRGENSTEIN,671,5,12,7,84.0,5887.86,63
1058,GRETE PERTEL,669,5,12,7,39.0,5887.86,27
1059,KERSTI REPPO,670,5,12,7,39.0,5887.86,38
1060,THEA PERM,673,5,12,7,39.0,5887.86,67
1061,TEHO PAULUS,672,5,12,7,4.0,5887.86,66
1062,MART HELME,790,6,12,7,9170.0,5887.86,1
1063,ALAR LANEMAN,791,6,12,7,673.0,5887.86,20
1064,HELLE KULLERKUPP,793,6,12,7,410.0,5887.86,49
1065,MEELIS MALK,796,6,12,7,312.0,5887.86,41
1066,KAIDI SUVISTE,797,6,12,7,239.0,5887.86,77
1067,SIIMO LOPSIK,798,6,12,7,234.0,5887.86,67
1068,HELDUR PAULSON,792,6,12,7,204.0,5887.86,25
1069,EDMOND PENU,794,6,12,7,174.0,5887.86,37
1070,ROBERT KIVISELG,795,6,12,7,159.0,5887.86,59
1071,KADRI TALI,915,7,12,7,872.0,5887.86,4
1072,JANNO KULDKEPP,916,7,12,7,159.0,5887.86,58
1073,MATI TIIMUS,920,7,12,7,116.0,5887.86,97
1074,TOOMAS PAJULA,923,7,12,7,67.0,5887.86,47
1075,SIRJE NIITRA,917,7,12,7,64.0,5887.86,41
1076,TARMO VALGEPEA,918,7,12,7,56.0,5887.86,118
1077,SIGRIT ROOSILEHT,919,7,12,7,22.0,5887.86,71
1078,MONIKA SIRULI,922,7,12,7,22.0,5887.86,115
1079,JEVGENI GORLEVSKI,921,7,12,7,12.0,5887.86,112
1080,KADRI SIMSON,1040,8,12,7,5741.0,5887.86,2
1081,MARKO ŠORIN,1042,8,12,7,686.0,5887.86,26
1082,MIKK PIKKMETS,1041,8,12,7,585.0,5887.86,110
1083,HILLAR TALVIK,1048,8,12,7,277.0,5887.86,52
1084,AVO KEEL,1047,8,12,7,180.0,5887.86,124
1085,KRISTA NÕMM,1043,8,12,7,139.0,5887.86,83
1086,ARDO AASA,1044,8,12,7,106.0,5887.86,78
1087,ANTS LOPSIK,1045,8,12,7,102.0,5887.86,68
1088,ANDRES ANNAST,1046,8,12,7,97.0,5887.86,99
1089,VJATŠESLAV MAKARONSKI,1059,9,12,7,41.0,5887.86,9
1090,ANDRES METSOJA,1176,10,12,7,2228.0,5887.86,7
1091,LAURI LUUR,1178,10,12,7,663.0,5887.86,44
1092,ELA TOMSON,1177,10,12,7,501.0,5887.86,34
1093,KUNO ERKMANN,1181,10,12,7,367.0,5887.86,74
1094,SIIM SUURSILD,1179,10,12,7,301.0,5887.86,53
1095,URMAS AAVA,1183,10,12,7,284.0,5887.86,96
1096,MEELIS KUKK,1180,10,12,7,279.0,5887.86,63
1097,JAANUS PÕLDMAA,1182,10,12,7,278.0,5887.86,85
1098,AARE ARVA,1184,10,12,7,144.0,5887.86,105
